{
  "num_runs": 100,
  "mean_train_acc": 0.4472532916069031,
  "std_train_acc": 0.015059459021503928,
  "mean_val_acc": 0.2609703966975212,
  "std_val_acc": 0.0038081828093982045,
  "mean_test_acc": 0.24969737946987153,
  "std_test_acc": 0.005147606987790706,
  "mean_epochs": 149.47,
  "node_acc_mean": 0.34813159704208374,
  "node_acc_std": 0.42407819628715515
}