{
  "num_runs": 100,
  "mean_train_acc": 0.4173437541723251,
  "std_train_acc": 0.0016375528041283945,
  "mean_val_acc": 0.25712171345949175,
  "std_val_acc": 0.0019895362867514066,
  "mean_test_acc": 0.2560921159386635,
  "std_test_acc": 0.0021762113715184726,
  "mean_epochs": 500.0,
  "node_acc_mean": 0.3338223695755005,
  "node_acc_std": 0.46211233735084534
}