{
  "num_runs": 100,
  "mean_train_acc": 0.4171271958947182,
  "std_train_acc": 0.0017018430063484877,
  "mean_val_acc": 0.25754934310913086,
  "std_val_acc": 0.0016463095919417871,
  "mean_test_acc": 0.25611843168735504,
  "std_test_acc": 0.002503004981800168,
  "mean_epochs": 500.0,
  "node_acc_mean": 0.3338605463504791,
  "node_acc_std": 0.4620858132839203
}