{
  "num_runs": 100,
  "mean_train_acc": 0.5457264292240143,
  "std_train_acc": 0.0026812237857693154,
  "mean_val_acc": 0.29051398038864135,
  "std_val_acc": 0.0027755609157935606,
  "mean_test_acc": 0.28632895737886427,
  "std_test_acc": 0.0026342027424269593,
  "mean_epochs": 500.0,
  "node_acc_mean": 0.41217896342277527,
  "node_acc_std": 0.47769173979759216
}