{
  "num_runs": 100,
  "mean_train_acc": 0.3880526411533356,
  "std_train_acc": 0.006095287428901726,
  "mean_val_acc": 0.24859869614243507,
  "std_val_acc": 0.00978976084164871,
  "mean_test_acc": 0.24925659000873565,
  "std_test_acc": 0.011292033453308162,
  "mean_epochs": 500.0,
  "node_acc_mean": 0.33240264654159546,
  "node_acc_std": 0.3346703350543976
}