{
  "num_runs": 100,
  "mean_train_acc": 0.8583312678337097,
  "std_train_acc": 0.018049514779231907,
  "mean_val_acc": 0.8172828251123428,
  "std_val_acc": 0.02375930661939857,
  "mean_test_acc": 0.8176427406072616,
  "std_test_acc": 0.022801355671586088,
  "mean_epochs": 500.0,
  "node_acc_mean": 0.8419719338417053,
  "node_acc_std": 0.3202512562274933
}