{
  "num_runs": 100,
  "mean_train_acc": 0.9947142970561981,
  "std_train_acc": 0.003606601096700489,
  "mean_val_acc": 0.7803000390529633,
  "std_val_acc": 0.006912878978494953,
  "mean_test_acc": 0.8000000351667405,
  "std_test_acc": 0.00823272906867711,
  "mean_epochs": 199.63,
  "node_acc_mean": 0.8023632764816284,
  "node_acc_std": 0.36490243673324585
}