{
  "num_runs": 100,
  "mean_train_acc": 0.9959285801649094,
  "std_train_acc": 0.0036962241392845163,
  "mean_val_acc": 0.7801400399208069,
  "std_val_acc": 0.007522388382337334,
  "mean_test_acc": 0.7985800391435623,
  "std_test_acc": 0.007795598668942197,
  "mean_epochs": 198.19,
  "node_acc_mean": 0.8023375272750854,
  "node_acc_std": 0.36644524335861206
}