{
  "num_runs": 100,
  "mean_train_acc": 0.7924137789011002,
  "std_train_acc": 0.03187840035136938,
  "mean_val_acc": 0.7567282903194428,
  "std_val_acc": 0.03520298381841447,
  "mean_test_acc": 0.7569060903787613,
  "std_test_acc": 0.03589979791617175,
  "mean_epochs": 200.0,
  "node_acc_mean": 0.7781646847724915,
  "node_acc_std": 0.36364245414733887
}