{
  "num_runs": 100,
  "mean_train_acc": 0.30833743274211883,
  "std_train_acc": 0.0067570491861929155,
  "mean_val_acc": 0.30356747686862945,
  "std_val_acc": 0.017283694606068736,
  "mean_test_acc": 0.3041068196296692,
  "std_test_acc": 0.018600663556636688,
  "mean_epochs": 200.0,
  "node_acc_mean": 0.30653616786003113,
  "node_acc_std": 0.4600963890552521
}